{
  "diagonal": {
    "centralized": {
      "H1": {
        "et": 0.80081349295035,
        "tc": 0.8146888256731873,
        "wt": 0.8660019038040969
      },
      "H2": {
        "et": 0.8268041944833563,
        "tc": 0.8658511497255545,
        "wt": 0.8682745938553741
      },
      "H3": {
        "et": 0.8094183050461616,
        "tc": 0.8559809872324364,
        "wt": 0.8443606644948106
      },
      "H4": {
        "et": 0.7380686609537614,
        "tc": 0.8019459676159445,
        "wt": 0.8282290875205068
      }
    },
    "fedavg": {
      "H1": {
        "et": 0.7935637283320376,
        "tc": 0.8323245365466007,
        "wt": 0.8826090424219738
      },
      "H2": {
        "et": 0.8089242739397773,
        "tc": 0.8574867185399584,
        "wt": 0.8838847369073183
      },
      "H3": {
        "et": 0.7845284417457162,
        "tc": 0.8391237662840983,
        "wt": 0.8377392510867694
      },
      "H4": {
        "et": 0.6674979915081599,
        "tc": 0.737883912315223,
        "wt": 0.7373313981218942
      }
    },
    "fedbn": {
      "H1": {
        "et": 0.7827759615445623,
        "tc": 0.8102289915493258,
        "wt": 0.8660416904944085
      },
      "H2": {
        "et": 0.8178642713813887,
        "tc": 0.8627517689103829,
        "wt": 0.8660266321153423
      },
      "H3": {
        "et": 0.788153779643364,
        "tc": 0.843859671930702,
        "wt": 0.8489996934131478
      },
      "H4": {
        "et": 0.7279548636266706,
        "tc": 0.7949918630533443,
        "wt": 0.8290415849280959
      }
    },
    "local": {
      "H1": {
        "et": 0.783165217842323,
        "tc": 0.8012168876366053,
        "wt": 0.8483066538903138
      },
      "H2": {
        "et": 0.8209992532769713,
        "tc": 0.860129335557971,
        "wt": 0.8628984131464991
      },
      "H3": {
        "et": 0.7808264946335166,
        "tc": 0.8371217361779806,
        "wt": 0.8420661412073372
      },
      "H4": {
        "et": 0.7626829556807957,
        "tc": 0.8253951329084042,
        "wt": 0.8569347145435195
      }
    }
  },
  "hypotheses": {
    "H1": {
      "fedavg_mean_wt": 0.8353911071344889,
      "local_mean_wt": 0.8525514806969174,
      "supported": false
    },
    "H2": {
      "fedavg_h4_wt": 0.7373313981218942,
      "local_h4_wt": 0.8569347145435195,
      "supported": true
    },
    "H3": {
      "fedavg_h4_wt": 0.7373313981218942,
      "fedavg_mean_wt": 0.8353911071344889,
      "fedbn_h4_wt": 0.8290415849280959,
      "fedbn_mean_wt": 0.8525274002377486,
      "supported": true
    }
  },
  "round": {
    "centralized": 25,
    "fedavg": 25,
    "fedbn": 25,
    "local": 25
  }
}