{
  "diagonal": {
    "centralized_42": {
      "H1": {
        "et": 0.8042837707138093,
        "tc": 0.8185909613510433,
        "wt": 0.89880146405479
      },
      "H2": {
        "et": 0.8254786643600567,
        "tc": 0.8809119899052915,
        "wt": 0.8955933434071027
      },
      "H3": {
        "et": 0.8088165385945685,
        "tc": 0.8493362826015671,
        "wt": 0.8779194296768688
      },
      "H4": {
        "et": 0.7316554824698469,
        "tc": 0.7945056107833058,
        "wt": 0.8478954927549031
      }
    },
    "fedavg_42": {
      "H1": {
        "et": 0.7624721475404178,
        "tc": 0.7731041538252192,
        "wt": 0.8623270815947432
      },
      "H2": {
        "et": 0.8108034135530823,
        "tc": 0.8433102346915681,
        "wt": 0.8655080080460391
      },
      "H3": {
        "et": 0.7873494800083536,
        "tc": 0.8153424826123984,
        "wt": 0.8592977831486931
      },
      "H4": {
        "et": 0.7188135373100619,
        "tc": 0.7723221186349497,
        "wt": 0.8483149609554486
      }
    },
    "fedbn_42": {
      "H1": {
        "et": 0.7259253205704883,
        "tc": 0.7488668184822901,
        "wt": 0.843760360374834
      },
      "H2": {
        "et": 0.7879575691133734,
        "tc": 0.8235124137246798,
        "wt": 0.8624737017099056
      },
      "H3": {
        "et": 0.7676846633490892,
        "tc": 0.7887554921021731,
        "wt": 0.797200491097793
      },
      "H4": {
        "et": 0.702751957554736,
        "tc": 0.7633045490214329,
        "wt": 0.8327205400116433
      }
    },
    "local_42": {
      "H1": {
        "et": 0.7551697468921634,
        "tc": 0.7435905363772984,
        "wt": 0.8708559647319675
      },
      "H2": {
        "et": 0.7752592292490831,
        "tc": 0.813190353430259,
        "wt": 0.8718839556947956
      },
      "H3": {
        "et": 0.7623966644940249,
        "tc": 0.8050125680490033,
        "wt": 0.8436669899087053
      },
      "H4": {
        "et": 0.7104789355042483,
        "tc": 0.7492899095151958,
        "wt": 0.8194409111266745
      }
    }
  },
  "hypotheses": {
    "H1": {
      "aggregate": "SUPPORTED",
      "observed": {
        "42": [
          0.8589,
          0.8515
        ]
      },
      "per_seed": {
        "42": true
      },
      "supported_seeds": 1,
      "total_seeds": 1
    },
    "H2": {
      "aggregate": "NOT SUPPORTED",
      "observed": {
        "42": [
          0.8483,
          0.8194
        ]
      },
      "per_seed": {
        "42": false
      },
      "supported_seeds": 0,
      "total_seeds": 1
    },
    "H3": {
      "aggregate": "NOT SUPPORTED",
      "observed": {
        "42": [
          -0.0248
        ]
      },
      "per_seed": {
        "42": false
      },
      "supported_seeds": 0,
      "total_seeds": 1
    }
  },
  "seeds": [
    "42"
  ]
}